M2551;220;BODY TELA RENDA;M;PRETO
M2561;222;BLUSA PREGAS MANGA;PP;ESTAMPADO
M2500;239;SHORT JEANS;P;JEANS
M2500;241;SHORT JEANS;G;JEANS
M2580;242;CALCA CINTURA ALTA;PP;PRETO
M2562;251;VESTIDO RENDA CINTURA;P;ESTAMPADO
M2573;258;SHORT SAIA BOTOES;PP;PRETO
M2518;266;VESTIDO COLORIDO;PP;ESTAMPADO
M2512;276;BODY RENDADO;M;PRETO
M1769;74;SAIA NERVURA;PP;BEGE
M1769;75;SAIA NERVURA;P;BEGE
M1769;76;SAIA NERVURA;M;BEGE
M1769;78;SAIA NERVURA;PP;VERMELHO
M1769;82;SAIA NERVURA;PP;PINK
M1769;86;SAIA NERVURA;PP;OFF WHITE
M1769;91;SAIA NERVURA;P;TELHA
M1769;98;SAIA NERVURA;PP;VINHO
M1769;103;SAIA NERVURA;P;CARAMELO
M2571;30;SAIA NERVURAS;PP;OFF WHITE
M2571;41;SAIA NERVURAS;P;PRETO
M2571;43;SAIA NERVURAS;G;PRETO
M2448;56;BLUSA RENDA DECOTE;M;OFF WHITE
M2579;113;SHORT DETALHE LATERAL;G;PRETO
M2614;126;SAIA NERVURA BABADO;PP;PINK
M2614;128;SAIA NERVURA BABADO;M;PINK
M2567;134;SAIA BARRA PREGAS;PP;ESTAMPADO
M2567;136;SAIA BARRA PREGAS;M;ESTAMPADO
M2548;139;PEPLUM RENDA;P;PRETO
M2520;144;BODY CORPO RENDA;M;OFF WHITE
M2133;180;T-SHIRT BORDADA SILK;M;PRETO
M2383;186;BLUSA BORDADA;PP;PRETO
M2167;191;SAIA NERVURA;P;CARAMELO
M2167;199;SAIA NERVURA;P;ROSE
M1656;17621;BLUSA C/ APLICACAO BEGE CLARO P;U;UNICA
M1658;17100;BLUSA APLIC BEGE P;U;UNICA
M1659;16507;REGATA COLAR STRASS OFF WHITE G;U;UNICA
M1663;16223;SAIA LIMA ESTAMPADO M;U;UNICA
M1684;16180;BLUSA DET.CORRENTE BEGE G;U;UNICA
M1690;16254;SAIA NERVURA AZUL ROYAL G;U;UNICA
M1697;16280;SAIA FAIXA LARANJA PP;U;UNICA
M1697;16287;SAIA FAIXA AZUL ROYAL M;U;UNICA
M1698;16953;BLUDA RENDA COSTAS BEGE P;U;UNICA
M1705;17090;BLUSA CORRENTE LARANJA P;U;UNICA
M1713;17245;VESTIDO LONGO BORDADO PRETO PP;U;UNICA
M1714;16689;VESTIDO LONGO VERMELHO PP;U;UNICA
M1724;16948;BLUSA STRASS BEGE PP;U;UNICA
M1725;19174;SAIA NERVURA MARROM PP;U;UNICA
M1725;19181;SAIA NERVURA OFF WHITE P;U;UNICA
M1725;19184;SAIA NERVURA VINHO M;U;UNICA
M1726;17123;BLUSA DET.ARGOLA AMARELO M;U;UNICA
M1729;16529;BLUSA ESTAMPADA ESTAMPADO P;U;UNICA
M1730;16523;BLUSA ESTAMPADA ESTAMPADO G;U;UNICA
M1730;16521;BLUSA ESTAMPADA ESTAMPADO P;U;UNICA
M17301;23042;BLUSA ALCA MEDIA LISTRADO G;U;UNICA
M17301;23044;BLUSA ALCA MEDIA AZUL MARINHO G;U;UNICA
M1734;17137;BLUSA BORDADO PRETO PP;U;UNICA
M1742;17196;BLUSA BORDADO OFF WHITE M;U;UNICA
M1748;16729;BLUSA LASER BORDADO PRETO P;U;UNICA
M1749;16718;SAIA ESTAMPADA ESTAMPADO M;U;UNICA
M1769;17057;SAIA NERVURA PRETO PP;U;UNICA
M1769;17058;SAIA NERVURA BEGE PP;U;UNICA
M1769;19166;SAIA NERVURA OFF WHITE M;U;UNICA
M1775;16710;SAIA ASSIMETRICA BEGE G;U;UNICA
M18021;17857;VESTIDO C/AVIAM TULE LARANJA P;U;UNICA
M18022;18983;VESTIDO DET.TULE E AVIAM VERMELHO P;U;UNICA
M1804;19077;VESTIDO BANDAGEM C/RENDA OFF WHITE G;U;UNICA
M1805;18590;VESTIDO FRENTE UNICA PRETO P;U;UNICA
M1813;17624;BODY RENDA C/ILHOS OFF WHITE PP;U;UNICA
M1814;17386;BODY RENDA C/TULE PRETO M;U;UNICA
M1823;20318;T-SHIRT CAMURCA SILK BEGE M;U;UNICA
M1829;17582;T-SHIRT SILK OFF WHITE M;U;UNICA
M183520342;20342;SHORT BOTAO PRETO M;U;UNICA
M183518130;18130;SHORT BOTAO OFF WHITE M;U;UNICA
M1836;19125;BODY C/CORRENTE TERRA M;U;UNICA
M1836;19124;BODY C/CORRENTE TERRA P;U;UNICA
M1846;17850;VESTIDO LONGO TULE C/AVIAM PRETO P;U;UNICA
M1856;17559;VESTIDO LONGO C/TULE PRETO M;U;UNICA
M1863;17608;VESTIDO LONGO TIRAS BORDADO PRETO PP;U;UNICA
M1891;19798;SHORT COURO C/PEROLA BORDADO ROSE G;U;UNICA
M1892;19939;SHORT COURO BORDADO PRETO G;U;UNICA
M1892;19938;SHORT COURO BORDADO TERRA M;U;UNICA
M1895;17941;CALCA JEANS DET.BOTAO JEANS G;U;UNICA
M1897;17731;BODY ESTAMPADO ESTAMPADO M;U;UNICA
M1900;17631;T-SHIRT C/AVIAM PRETO P;U;UNICA
M1914;22773;SHORT AZUL ROYAL PP;U;UNICA
M1919;17734;CROPPED EST ESTAMPADO P;U;UNICA
M1920;17828;SAIA ESTAMPADA ESTAMPADO G;U;UNICA
M1924;19733;CALCA BANDAGEM CARAMELO M;U;UNICA
M1929;17937;SHORT JEANS JEANS G;U;UNICA
M193519393;19393;VESTIDO LONGO BORDADO PRETO M;U;UNICA
M1935;19394;VESTIDO LONGO BORDADO PRETO G;U;UNICA
CA001;5493;CAMISA BORDADO GOLA PRETO P;U;UNICA
CT51672424;2424;CINTO MURAU DIVERSAS;U;UNICA
G0013;15048;BLUSA APLIC. BORDADO PRETO PP;U;UNICA
G0013;15050;BLUSA APLIC. BORDADO PRETO M;U;UNICA
G0013;15260;BLUSA APLIC. BORDADO BEGE P;U;UNICA
G0021;15570;SAIA C/AVIAM LIMA P;U;UNICA
G0035;15324;BLUSA C/ ILHOS BEGE P;U;UNICA
G0039;16316;SHORT PRETO P;U;UNICA
G0059;15015;VESTIDO DEGRADE DIVERSAS G;U;UNICA
G0059;15012;VESTIDO DEGRADE DIVERSAS PP;U;UNICA
G0079;16657;PEPLUM VERDE P;U;UNICA
G0086;16258;BLUSA BORDADO FLOR PRETO P;U;UNICA
G0110;15577;BLUSA RENDA C/ APLIC BEGE M;U;UNICA
G0113;16621;BLUSA C/ AVIAM OFF WHITE PP;U;UNICA
G0132;15841;PEPLUM RENDA PRETO G;U;UNICA
G0139;16115;BLUSA C/CHATON BEGE P;U;UNICA
G0159;16909;BLUSA PREGA LIMA P;U;UNICA
G0161;16389;BLUSA LACO LARANJA G;U;UNICA
G0165;16634;SAIA RECORTE VERDE LIMAO PP;U;UNICA
G0197;17045;BLUSA DET.AVIAM BEGE PP;U;UNICA
G0203;17288;BLUSA MANGA RECORTES LARANJA G;U;UNICA
G0208;17687;BLUSA RENDA OFF WHITE PP;U;UNICA
G0208;17690;BLUSA RENDA OFF WHITE G;U;UNICA
G0212;17272;SAIA RENDA PRETO G;U;UNICA
G0222;19445;BLUSA TIRAS DECOTE AZUL MARINHO G;U;UNICA
G0231;17651;VESTIDO RENDA PTO/OFF PRETO/OFF WHITE G;U;UNICA
G0234;17968;BLUSA EST.BOLA PRETO P;U;UNICA
G0235;18346;CAMISA PREGAS OFF WHITE P;U;UNICA
G0235;19751;CAMISA PREGAS OFF WHITE GG;U;UNICA
G0240;17951;SAIA ESTAMPADA ESTAMPADO P;U;UNICA
G0245;18781;BLUSA ESTAMPADA DET.VIVO ESTAMPADO GG;U;UNICA
G0251;18068;CAMISA BABADO OFF WHITE P;U;UNICA
G0255;20000;CAMISA VINHO P;U;UNICA
G0255;20001;CAMISA AZUL M;U;UNICA
G0256;20280;BLUSA M/L LASER PRETO G;U;UNICA
G0258;19567;COLETE DET.CORRENTE PRETO M;U;UNICA
G0259;17932;SAIA RENDA PRETO M;U;UNICA
G0276;19752;BLUSA M/L LASTEX PRETO PP;U;UNICA
G0277;19319;BLUSA CAVADA EST ESTAMPADO PP;U;UNICA
G0280;19869;BLUSA MANGA RENDA BORDADO OFF WHITE GG;U;UNICA
G0290;20037;SAIA COURO KAKI PP;U;UNICA
G0292;20107;BLUSA EST.PREGAS ESTAMPADO P;U;UNICA
G0300;20138;SAIA ESTAMPADA VERDE MILITAR P;U;UNICA
G0301;20012;CALCA FLARE ESTAMPADO PP;U;UNICA
G0301;20015;CALCA FLARE ESTAMPADO G;U;UNICA
G0318;20189;BLUSA RENDA OFF WHITE P;U;UNICA
G0320;20764;BLUSA EST.C/AVIAM ESTAMPADO G;U;UNICA
G0336;20884;BLUSA CAVADA OFF WHITE G;U;UNICA
G0336;20881;BLUSA CAVADA OFF WHITE PP;U;UNICA
G0339;21644;CAMISA ML ESTAMPADA ESTAMPADO P;U;UNICA
G0339;21643;CAMISA ML ESTAMPADA ESTAMPADO PP;U;UNICA
G0342;21815;BLUSA CAVADA GOLA RENDA NUDE G;U;UNICA
G0350;21268;BLUSA CAVADA EST. ESTAMPADO M;U;UNICA
G0365;22271;SAIA MIDI LASER VINHO G;U;UNICA
G0371;22010;SAIA PRETO M;U;UNICA
G0378;23013;BLUSA ALCA VERMELHO M;U;UNICA
G0378;23014;BLUSA ALCA VERMELHO G;U;UNICA
G0378;23011;BLUSA ALCA VERMELHO PP;U;UNICA
G0378;23406;BLUSA ALCA NUDE G;U;UNICA
G0378;23403;BLUSA ALCA NUDE M;U;UNICA
G0378;23398;BLUSA ALCA PINK PP;U;UNICA
G0383;24022;BLUSA LASER MANGA PRETO PP;U;UNICA
G0386;23479;BLUSA RENDA GOLA ALTA OFF WHITE M;U;UNICA
G1362;15365;BLUSA DET.TACHINHA PRETO P;U;UNICA
G1362;14557;BLUSA DET.TACHINHA LARANJA PP;U;UNICA
G1393;15227;BLUSA DET.APLIC BEGE M;U;UNICA
M1185;14536;VESTIDO BORDADO OFF WHITE G;U;UNICA
M1331;16900;BLUSA DET.AVIAM BEGE G;U;UNICA
M1331;16899;BLUSA DET.AVIAM LIMA M;U;UNICA
M1331;16891;BLUSA DET.AVIAM BEGE PP;U;UNICA
M1352;14758;BLUSA ALCA C/APLIC NUDE G;U;UNICA
M1352;14749;BLUSA ALCA C/APLIC NUDE PP;U;UNICA
M1352;14756;BLUSA ALCA C/APLIC PRETO M;U;UNICA
M1352;14754;BLUSA ALCA C/APLIC LARANJA P;U;UNICA
M1367;16185;BLUSA CORRENTE COSTAS PRETO M;U;UNICA
M1390;14793;BLUSA DET.RENDA OFF WHITE PP;U;UNICA
M1392;15751;BLUSA APLIC.BORDADO BEGE P;U;UNICA
M1392;15753;BLUSA APLIC.BORDADO BEGE G;U;UNICA
M1410;14829;VESTIDO C/APLIC PRETO PP;U;UNICA
M1443;15099;VESTIDO ESTAMPADO AZUL PP;U;UNICA
M1450;14983;BLUSA DET.AVIAM BORDADO OFF WHITE G;U;UNICA
M1453;14703;VESTIDO BANDAGEM AZUL MARINHO P;U;UNICA
M1467;15640;VESTIDO C/RENDA PRETO PP;U;UNICA
M1488;16030;VESTIDO BORDADO PRETO PP;U;UNICA
M1491;15341;CROPPED C/ILHOS PRETO M;U;UNICA
M1507;15725;BLUSA RENDA OFF WHITE P;U;UNICA
M153115565;15565;BLUSA DE ALCA C/ APLIC. OFF WHITE M;U;UNICA
M1531;15566;BLUSA DE ALCA C/ APLIC. OFF WHITE G;U;UNICA
M1533;15560;VESTIDO PINK LARANJA M;U;UNICA
M1546;15628;BODY DET.ARGOLA PRETO PP;U;UNICA
M1561;15941;CROPPED M/C PINK P;U;UNICA
M1561;15942;CROPPED M/C LARANJA P;U;UNICA
M1562;15947;SAIA BABADO VERMELHO PP;U;UNICA
M1562;15956;SAIA BABADO BEGE P;U;UNICA
M1562;15959;SAIA BABADO BEGE M;U;UNICA
M1582;15619;VESTIDO ESTAMPADO ESTAMPADO G;U;UNICA
M158818018;18018;BLUSA TIRA BORDADO NUDE M;U;UNICA
M158818017;18017;BLUSA TIRA BORDADO NUDE P;U;UNICA
M1618;16152;SAIA BORDADO PRETO M;U;UNICA
M1620;15988;SAIA DET. BABADO LARANJA M;U;UNICA
M1620;15987;SAIA DET. BABADO PINK P;U;UNICA
M1621;15974;CROPPED VERMELHO M;U;UNICA
M1621;15970;CROPPED AZUL ROYAL P;U;UNICA
M1627;16012;SAIA NESGAS PRETO P;U;UNICA
M1627;16011;SAIA NESGAS LARANJA PP;U;UNICA
M1636;16319;CROPPED BORDADO LASER OFF WHITE PP;U;UNICA
M1638;17054;BLUSA BORDADO PRETO P;U;UNICA
M1645;16867;BLUSA CORRENTE BEGE P;U;UNICA
M1645;16452;BLUSA CORRENTE PRETO G;U;UNICA
M2319;664;VESTIDO LONGO;P;MARINHO
M2386;674;SAIA LASER;G;OFF WHITE
M2623;676;CALCA ALFAIATARIA;P;PRETO
M2623;678;CALCA ALFAIATARIA;G;PRETO
M2620;688;BLUSA RENDA LACO;P;OFF WHITE
M2508;695;BODY RENDA DECOTE;PP;PRETO
M2508;700;BODY RENDA DECOTE;P;OFF WHITE
M2508;706;BODY RENDA DECOTE;G;VERMELHO
M2546;713;MACAQUINHO RENDA;M;VERMELHO
M2546;715;MACAQUINHO RENDA;PP;PRETO
M2601;728;CALCA JEANS SKINNY;G;JEANS
M2592;743;T-SHIRT PREGAS BROD;P;OFF WHITE
M2571D;508;SAIA NERVURAS;P;PINK
M2383D;511;BLUSA BORDADA;PP;PRETO
M248723487;544;BODY RENDA ML OFF WHITE G;U;UNICA
M1720004;768;SHORT SAIA BOTOES;M;PRETO
M1720004;769;SHORT SAIA BOTOES;G;PRETO
G1715001D;778;CALCA AMPLA;M;PRETO
M2408;781;BODY BORDADO;P;BEGE
M2501;788;MACAQUINHO RENDA TELA;PP;PRETO
M2501;789;MACAQUINHO RENDA TELA;P;PRETO
M1721012;793;VESTIDO ALCA BORDADO;PP;PRETO
M1717003;810;MACACAO SHORT SAIA;G;CORAL
M257224306;24306;T-SHIRT DAY LARANJA M;U;UNICA
M257224300;24300;T-SHIRT DAY LARANJA PP;U;UNICA
M257224139;24139;T-SHIRT DAY PINK G;U;UNICA
PA2234;22033;CALCA OFF WHITE P;U;UNICA
PA2234;22038;CALCA OFF WHITE M;U;UNICA
PA2234;22041;CALCA BEGE G;U;UNICA
PA2234;22043;CALCA OFF WHITE G;U;UNICA
PA2234;22046;CALCA AZUL ROYAL GG;U;UNICA
PA2234;22047;CALCA BEGE GG;U;UNICA
VE1832;15681;VESTIDO VERMELHO G;U;UNICA
1010;12170;VESTIDO COURO MILKY VERDE BEBE G;U;UNICA
1012;12214;CROPPED NEOPRENE PINK P;U;UNICA
1015;12545;BLUSA M/L PREGA DECOTE LARANJA M;U;UNICA
1024;12692;CROPPED SATIM VERMELHO PP;U;UNICA
1051;13084;VESTIDO RAVENA C/APLIC PRETO M;U;UNICA
1053;12166;SHORT COURO MILKY VERDE BEBE G;U;UNICA
1054;12202;SAIA NERVURA C/BABADO PRETO M;U;UNICA
1054;12207;SAIA NERVURA C/BABADO AZUL MARINHO G;U;UNICA
1054;22811;SAIA NERVURA C/BABADO KAKI PP;U;UNICA
1054;22801;SAIA NERVURA C/BABADO ROSA P;U;UNICA
10541;12983;SAIA COURO NERVURA C/BABADO OFF WHITE PP;U;UNICA
1071;13206;CALCA SKINY JOY AZUL P;U;UNICA
10731;13171;CALCA BANDAGEM PRETO P;U;UNICA
10731;13167;CALCA BANDAGEM PRETO PP;U;UNICA
10732;13211;CALCA BANDAGEM PRETO PP;U;UNICA
10732;13214;CALCA BANDAGEM PRETO G;U;UNICA
10732;14572;CALCA BANDAGEM AZUL ROYAL P;U;UNICA
10732;17163;CALCA BANDAGEM VERMELHO P;U;UNICA
1076;13619;CROPPED C/CORRENTE MARROM M;U;UNICA
1078;13160;REGATA RIBANA OFF WHITE P;U;UNICA
1078;13162;REGATA RIBANA OFF WHITE G;U;UNICA
107912611;12611;COLETE TWEED CORRT PRETO GG;U;UNICA
1086;12312;SAIA ZUCA RECORTES PRETO PP;U;UNICA
1087;13424;SAIA COURO PREGAS C/ILHOS PRETO P;U;UNICA
1087;13516;SAIA COURO PREGAS C/ILHOS VINHO P;U;UNICA
1096;18928;SAIA PINK P;U;UNICA
1108;13069;SHORT LOTUS C/RENDA OFF WHITE M;U;UNICA
1110;12894;SAIA COURO NEO C/ILHOS PRETO G;U;UNICA
1110;12996;SAIA COURO NEO C/ILHOS OFF WHITE P;U;UNICA
1110;12995;SAIA COURO NEO C/ILHOS VERMELHO P;U;UNICA
1110;12998;SAIA COURO NEO C/ILHOS OFF WHITE M;U;UNICA
1116;12797;BLUSA M/L RENDA FRANCESA 3 OFF WHITE G;U;UNICA
1130;12926;JAQUETA COURO GRATTA PRETO P;U;UNICA
1157;13164;CICANINHA C/RENDA OFF WHITE P;U;UNICA
1169;13807;SAIA NERVURA AMI ROMA OFF WHITE M;U;UNICA
1187;14165;CALCA LEGGING AMI ROMA PRETO PP;U;UNICA
1192;12945;BLUSA RENDA PRETO PP;U;UNICA
1193;12825;BLUSA ELASOFT M/L LARANJA G;U;UNICA
1194;12753;REGATA UNDERWEAR VERMELHO G;U;UNICA
1194;12759;REGATA UNDERWEAR VERDE MILITAR G;U;UNICA
1195;13196;SAIA COURO NESGAS C/ILHOS LARANJA PP;U;UNICA
1195;12896;SAIA COURO NESGAS C/ILHOS VERMELHO P;U;UNICA
1198;13189;BLUSA DE COURO C/ILHOS VINHO P;U;UNICA
1201;13877;COLETE SARJA BEGE P;U;UNICA
1201;13880;COLETE SARJA BEGE M;U;UNICA
1201;13875;COLETE SARJA AMARELO PP;U;UNICA
1203;12844;MACACAO LONGO C/DETALHE RENDA PRETO M;U;UNICA
1220;13375;BLUSA CAMURCA LASER PRETO PP;U;UNICA
1220;13377;BLUSA CAMURCA LASER PRETO M;U;UNICA
1221;13644;BLUSA CIGANA C/MANGA RENDA OFF WHITE P;U;UNICA
1228;13577;CALCA BENGALINE AZUL BEBE M;U;UNICA
1235;13272;BLUSA MALHA EST.M/C ESTAMPADO P;U;UNICA
1241;13839;MACAQUINHO MOUSSOM AZUL ROYAL PP;U;UNICA
1265;13920;VESTIDO ESTAMPADO ESTAMPADO M;U;UNICA
1288;14055;BLUSA C/AVIAM PRETO G;U;UNICA
1299;13985;BLUSA M/L C/ILHOS LARANJA G;U;UNICA
1299;13982;BLUSA M/L C/ILHOS OFF WHITE M;U;UNICA
1306;13732;BLUSA M/L DETALHE ARGOLA OFF WHITE PP;U;UNICA
1306;14365;BLUSA M/L DETALHE ARGOLA PRETO PP;U;UNICA
1310;14126;BLUSA ALCA DET.CORRENTE OFF WHITE PP;U;UNICA
1327;14068;BLUSA M/L C/ AVIAM AZUL MARINHO P;U;UNICA
1327;13761;BLUSA M/L C/ AVIAM OFF WHITE G;U;UNICA
1328;13863;BLUSA C/BORDAO PEDRAS PRETO P;U;UNICA
1359;14027;SHORT LIMA P;U;UNICA
13761;14825;SAIA BANDAGEM CORES VERDE MILITAR P;U;UNICA
1394;18542;VESTIDO APLICACAO PRETO P;U;UNICA
1424;23918;BLUSA M/L TIRA DECOTE PRETO P;U;UNICA
4073;12102;BLUSA DECOTE V BEGE M;U;UNICA
4073;12104;BLUSA DECOTE V BEGE G;U;UNICA
4607;2100;UNDERWEAR BASICA LIMA P;U;UNICA
4607;2110;UNDERWEAR BASICA PINK M;U;UNICA
4607;2113;UNDERWEAR BASICA AMARELO M;U;UNICA
4607;3577;UNDERWEAR BASICA VERDE ESCURO G;U;UNICA
46071;12558;UNDERWEAR BASICA VERMELHO PP;U;UNICA
46071;12565;UNDERWEAR BASICA VINHO P;U;UNICA
46071;12575;UNDERWEAR BASICA CINZA G;U;UNICA
46071;12576;UNDERWEAR BASICA VERMELHO G;U;UNICA
46071;12581;UNDERWEAR BASICA TERRA M;U;UNICA
46071;12556;UNDERWEAR BASICA PRETO PP;U;UNICA
5014;12128;BLUSA BEGE G;U;UNICA
5180;6878;CINTO DIVERSAS M;U;UNICA
5550;17980;SAIA FRANJA PRETO PP;U;UNICA
61822;9081;SAIA RENDA RECORTES PINK PP;U;UNICA
62801;20509;SAIA RENDA BEGE P;U;UNICA
6281;20427;CROPPED RENDA VERDE M;U;UNICA
62911;20725;CROPPED RENDA VERDE P;U;UNICA
64721;20445;CROPPED RENDA GUIPIR PRETO G;U;UNICA
6672;21514;BLUSA MANGA LONGA BASICA OFF WHITE M;U;UNICA
6708;318;CAMISA PRETA C RECORTE RENDA PRETO G;U;UNICA
6910;574;SHORT JACCARD BORDADO PRETO PP;U;UNICA
7014;899;SAIA SATIM BORDADO LATERAL OFF WHITE PP;U;UNICA
7014;900;SAIA SATIM BORDADO LATERAL PRETO PP;U;UNICA
7014;907;SAIA SATIM BORDADO LATERAL AZUL ROYAL M;U;UNICA
7014;904;SAIA SATIM BORDADO LATERAL AZUL ROYAL P;U;UNICA
7083;1191;SAIA RENDA BORDADO DOURADO PRETO G;U;UNICA
8004;1071;SHORT BORDADO ARABESCO OFF WHITE P;U;UNICA
8154;3004;CALCA MALHA C/ZIPERES PRETO G;U;UNICA
8409;4168;CAMISA CHIFFON C/MANGA RENDA PRETO M;U;UNICA
8417;3291;SAIA MOUSSON PREGA C/BABADO PRETO M;U;UNICA
8488;4488;SAIA CREPE BABADO OFF WHITE G;U;UNICA
8610;4011;SAIA CREPE MOUSSON PRETO PP;U;UNICA
86281/30;7623;BODY LARANJA M;U;UNICA
86492;19236;SHORT RENDA AZUL ROYAL P;U;UNICA
86492;19235;SHORT RENDA OFF WHITE P;U;UNICA
8686;4671;BLUSA DOBBY PRETO P;U;UNICA
8748;4860;BLUSA VISCOSE ALCA AMARELO P;U;UNICA
8761;5083;SAIA CREPE BABADO PRETO M;U;UNICA
8761;5080;SAIA CREPE BABADO OFF WHITE P;U;UNICA
8761;5075;SAIA CREPE BABADO PRETO PP;U;UNICA
8795;5444;SAIA CREPE MOUSSON LARANJA PP;U;UNICA
8795;5454;SAIA CREPE MOUSSON VERDE G;U;UNICA
8795;5453;SAIA CREPE MOUSSON LARANJA G;U;UNICA
8800;5048;BLUSA KATARINA M/L TIRAS PRETO G;U;UNICA
8829;5112;SAIA CREPE MOUSSON OFF WHITE P;U;UNICA
8829;5111;SAIA CREPE MOUSSON PRETO P;U;UNICA
8829;5120;SAIA CREPE MOUSSON OFF WHITE G;U;UNICA
8829;5121;SAIA CREPE MOUSSON PINK G;U;UNICA
8835;5893;SAIA CREPE MOUSSOM PRETO G;U;UNICA
88625909;5909;BLUSA VISCOSE C/AVIAM COSTAS AMARELO P;U;UNICA
8880;5627;BLUSA TRI COOL APLIC M/L AZUL ROYAL P;U;UNICA
8880;5626;BLUSA TRI COOL APLIC M/L PINK P;U;UNICA
8898;6084;SAIA MOUSSOM NERVURA VERDE BEBE M;U;UNICA
8916;5539;SAIA ONCA C/RENDA MARROM M;U;UNICA
8922;6113;CAMISA RENDA PRETO P;U;UNICA
89221;19104;CAMISA AZUL ROYAL G;U;UNICA
8938;5682;SAIA RENDA BABADO AMARELO PP;U;UNICA
8938;5680;SAIA RENDA BABADO PRETO PP;U;UNICA
8938;18371;SAIA RENDA BABADO OFF WHITE G;U;UNICA
9039;6038;PEPLUM RENDA MARGOT AMARELO PP;U;UNICA
9041;6127;SAIA RENDA MARGOT PRETO M;U;UNICA
9041;6129;SAIA RENDA MARGOT AZUL ROYAL M;U;UNICA
9041;6132;SAIA RENDA MARGOT AZUL ROYAL G;U;UNICA
9063;6275;SAIA CREPE MOUSSOM AZUL BEBE PP;U;UNICA
9066;6934;SAIA CREPE MOUSSOM LARANJA P;U;UNICA
9104;6622;SAIA RENDA BABADO AZUL ROYAL PP;U;UNICA
9104;6626;SAIA RENDA BABADO AZUL ROYAL P;U;UNICA
91067323;7323;SAIA  PAETE PRETO PP;U;UNICA
91303;20880;BLAZER MALHA CARAMELO G;U;UNICA
91303;14266;BLAZER MALHA PRETO M;U;UNICA
9149;8067;VESTIDO M/L TULE C/PAETE PRETO P;U;UNICA
9164;8459;SAIA CREPE PREGAS OFF WHITE P;U;UNICA
9179;13897;TOP BOJO BEGE G;U;UNICA
9179;13892;TOP BOJO PRETO M;U;UNICA
9179;13891;TOP BOJO VERDE M;U;UNICA
9215;12158;SAIA COURO NERVURA ROSE P;U;UNICA
9215;12161;SAIA COURO NERVURA AZUL MARINHO M;U;UNICA
9345;8942;BLUSA DOBBY C/PONTO PALITO PINK M;U;UNICA
9345;8943;BLUSA DOBBY C/PONTO PALITO AZUL ROYAL M;U;UNICA
9387;8664;CALCA FLARE MALHA ACTIVE OFF WHITE G;U;UNICA
9387;8653;CALCA FLARE MALHA ACTIVE NUDE PP;U;UNICA
9427;8854;BLUSA COSTA LASER LARANJA P;U;UNICA
9427;8855;BLUSA COSTA LASER AZUL ROYAL P;U;UNICA
9448;9558;VESTIDO RAVENA LASER AZUL ROYAL M;U;UNICA
9448;9550;VESTIDO RAVENA LASER PRETO PP;U;UNICA
9448;9552;VESTIDO RAVENA LASER AZUL ROYAL PP;U;UNICA
9458;10905;SHORT SARJA BORDADO OFF WHITE M;U;UNICA
9470;11034;SHORT PREGAS ROSE M;U;UNICA
9481;10674;VESTIDO BANDAGEM OFF WHITE P;U;UNICA
9482;9419;SHORT C/RENDA FRANJA OFF WHITE M;U;UNICA
9502;9186;BLUSA RENDA C/ CORRENTE AZUL ROYAL P;U;UNICA
9503;9056;BLUSA CETIM ROYALE C/BOTAO CST PRETO M;U;UNICA
95121;10912;SAIA RENDA PISSARO OFF WHITE P;U;UNICA
9549;9023;CALCA FLARE ACTIVE OFF WHITE G;U;UNICA
9551;10918;BLUSA DOBBY C/AVIAM OFF WHITE P;U;UNICA
9576;10028;CROPPED RENDA CURLY OFF WHITE PP;U;UNICA
9588;9306;CROPPED RENDA MOORE PRETO M;U;UNICA
9614;10135;SHORT PAETE C/APLIC PRETO M;U;UNICA
9649;9356;SAIA LONGA RENDA AZUL ROYAL M;U;UNICA
9654;9588;BLUSA ALCA CETIM SILK BUBBLE PRETO P;U;UNICA
9667;10946;SAIA RECORTE LASER ROXO M;U;UNICA
96761;10015;VESTIDO RAVENA OFF OFF WHITE G;U;UNICA
9682;12347;REGATA VALENTINE C/BORDADO PRETO GG;U;UNICA
97181;12489;BLUSA RENDA FOREST LASER VERDE M;U;UNICA
97181;12484;BLUSA RENDA FOREST LASER VERDE P;U;UNICA
9720;10927;MACACAO RAVENA C/RENDA PINK P;U;UNICA
9727;10683;SAIA PAETE FLORES LASER ESTAMPADO PP;U;UNICA
9739;11575;BLUSA BORDADO TELA C/COURO PRETO P;U;UNICA
9768;11582;BLUSA CIRRE C/AVIAM PRETO P;U;UNICA
9775;10954;CASACO FLUID PREGAS PRETO M;U;UNICA
97911;11833;BLUSA RENDA DES 7625 C/AVIAM PRETO P;U;UNICA
98001;12634;SAIA VALENTINE C/RENDA OFF WHITE M;U;UNICA
9825;11768;SAIA REC/RENDA OFF WHITE G;U;UNICA
9826;11351;MACACAO M/L RENDA PRETO P;U;UNICA
9883;11580;COLETE COURO C/PELO PRETO G;U;UNICA
9888;11407;BLUSA REGATA BAZAR LARANJA G;U;UNICA
9892;11426;BLUSA M/C BAZAR LARANJA GG;U;UNICA
9911;12051;BLUSA M/L MESCLA C/PEROLAS CINZA M;U;UNICA
9919;12190;SAIA LISTRADA LISTRADO M;U;UNICA
9919;12191;SAIA LISTRADA LISTRADO G;U;UNICA
9922;11974;SHORT COURO C/CORRENTE VERMELHO M;U;UNICA
9945;11727;SAIA COURO NEO OFF WHITE M;U;UNICA
9958;11791;SHORT ESTAMPADO VERDE M;U;UNICA
9973;12326;BLUSA M/L C/AVIAM PRETO P;U;UNICA
9974;12383;MACAQUINHO M/L RAVENA PRETO M;U;UNICA
9981;12511;BLUSA TWED C/AVIAM AMARELO P;U;UNICA
9981;12518;BLUSA TWED C/AVIAM OFF WHITE G;U;UNICA
9982;12522;SAIA TWED C/AVIAM OFF WHITE PP;U;UNICA
9982;12528;SAIA TWED C/AVIAM AMARELO P;U;UNICA
9991;11865;CROPPED MALHA NEOPRENE PINK P;U;UNICA
9994;12447;BLUSA KATARINA M/C BORDADO NUDE G;U;UNICA
9997;12884;BLUSA RENDA C/AVIAM PRETO P;U;UNICA
M2585;323;CROPPED RENDA;PP;OFF WHITE
M2589;326;T-SHIRT DETALHE RENDA;PP;OFF WHITE
M2255;334;VESTIDO LONGO BORDADO;P;PRETO
M256624090;345;SAIA RETA NERVURA BEGE M;U;UNICA
M256624088;347;SAIA RETA NERVURA BEGE PP;U;UNICA
M1710003;392;BLUSA ESTAMPADA;PP;ESTAMPADO
M1710003;395;BLUSA ESTAMPADA;G;ESTAMPADO
M248923727;423;SHORT SAIA AZUL ROYAL PP;U;UNICA
M189219933;426;SHORT COURO BORDADO PRETO PP;U;UNICA
M218522419;429;SHORT BOTOES PRETO PP;U;UNICA
M206421396;434;VESTIDO M.L. LASER PRETO G;U;UNICA
M201820204;438;CALCA SAIA PRETO PP;U;UNICA
M1721002;288;VESTIDO DECOTE;M;PRETO
G037122256;455;SAIA VINHO G;U;UNICA
G1715001;466;CALCA AMPLA;P;PRETO
G1715001;468;CALCA AMPLA;G;PRETO
M2583;550;MACAQUINHO DETALHE COSTAS;PP;OFF WHITE
M1723004;556;T-SHIRT DETALHE OMBRO;M;PRETO
M1717001;562;MACAQUINHO RENDA;PP;OFF WHITE
M1710004;582;ALCA BORDADA;M;PRETO
M1711005;600;BLUSA CAVADA RENDA;G;OFF WHITE
M1711004;602;BLUSA PEPLUM;P;NUDE
M1711004;604;BLUSA PEPLUM;G;NUDE
G139315222;610;BLUSA DET.APLIC OFF WHITE G;U;UNICA
M2524;644;SHORT DETALHE LATERAL;P;OFF WHITE
M2516;628;BLUSA ALCINHA;P;PRETO
M2516;636;BLUSA ALCINHA;P;BEGE
M2516;637;BLUSA ALCINHA;M;BEGE
M2591;651;SHORT BOTOES;PP;PRETO
M2591;656;SHORT BOTOES;P;OFF WHITE
M2267;22631;BLUSA ALCA BORDADA NUDE P;U;UNICA
M2268;21943;BLUSA ML TRICO BEGE M;U;UNICA
M2269;21696;VESTIDO LASER PRETO P;U;UNICA
M2277;22580;BLUSA BABADO MC AZUL MARINHO M;U;UNICA
M2277;22081;BLUSA BABADO MC LARANJA G;U;UNICA
M2277;22576;BLUSA BABADO MC AZUL MARINHO PP;U;UNICA
M2277;22582;BLUSA BABADO MC AZUL MARINHO G;U;UNICA
M2279;22358;BLUSA MANGA BABADO AMARELO G;U;UNICA
M2279;22348;BLUSA MANGA BABADO OFF WHITE P;U;UNICA
M2284;22830;SAIA C/ TRANSPASSE VERDE MILITAR P;U;UNICA
M2284;22837;SAIA C/ TRANSPASSE VERMELHO G;U;UNICA
M2289;21932;CIGANA DECOTE CORACAO PRETO G;U;UNICA
M2296;23228;BODY C/ TIRAS PRETO M;U;UNICA
M2296;23226;BODY C/ TIRAS PRETO PP;U;UNICA
M2297;22526;BLUSA CAVADA BABADO AZUL MARINHO G;U;UNICA
M2304;22588;BLUSA GOLA BORDADO OFF WHITE PP;U;UNICA
M2309;22109;SHORT CINTURA ALTA OFF WHITE P;U;UNICA
M2309;22825;SHORT CINTURA ALTA PRETO M;U;UNICA
M231122315;22315;T SHIRT BOLSINHO LISTRADO M;U;UNICA
M2311;22313;T SHIRT BOLSINHO LISTRADO PP;U;UNICA
M2311;22125;T SHIRT BOLSINHO NUDE P;U;UNICA
M2313;22176;T-SHIRT SILK BORDADA OFF WHITE G;U;UNICA
M2323;22204;BODY DECOTE LASER PRETO G;U;UNICA
M2335;22935;BLUSA GOLA ALTA OFF WHITE M;U;UNICA
M2335;22909;BLUSA GOLA ALTA AZUL BEBE M;U;UNICA
M2336;22597;BLUSA FRENTE UNICA OFF WHITE P;U;UNICA
M233622290;22290;BLUSA FRENTE UNICA PINK P;U;UNICA
M233922553;22553;REGATA LISTRADA LISTRADO G;U;UNICA
M233922551;22551;REGATA LISTRADA LISTRADO M;U;UNICA
M233922548;22548;REGATA LISTRADA NUDE PP;U;UNICA
M2341;22343;T-SHIRT AVIAM MANGA OFF WHITE PP;U;UNICA
M2347;22446;REGATA LISTRADA LISTRADO G;U;UNICA
M2349;23846;T-SHIRT JUST LOVE OFF WHITE M;U;UNICA
M2356;22472;SAIA PRETO P;U;UNICA
M2362;23528;VESTIDO CAMADAS TIRAS PINK M;U;UNICA
M2375;22684;BODY RENDA OFF WHITE P;U;UNICA
M2375;22683;BODY RENDA OFF WHITE PP;U;UNICA
M2376;24016;SHORT SAIA BOTOES PRETO P;U;UNICA
M2376;24020;SHORT SAIA BOTOES PRETO G;U;UNICA
M2376;22688;SHORT SAIA BOTOES VERMELHO P;U;UNICA
M2376;22687;SHORT SAIA BOTOES VERMELHO PP;U;UNICA
M238423581;23581;BLUSA PEPLUM LASER VDE M;U;UNICA
M2385;23389;VESTIDO M/C VERMELHO PP;U;UNICA
M2387;23266;BLUSA ALCA RENDA PRETO G;U;UNICA
M2387;23264;BLUSA ALCA RENDA OFF WHITE M;U;UNICA
M2388;23869;SAIA NERVURA LATERAL OFF WHITE P;U;UNICA
M2393;23677;VEST LONGO RENDA VERMELHO G;U;UNICA
M2393;23671;VEST LONGO RENDA VERMELHO PP;U;UNICA
M2396;22791;BODY ESTAMPADO ESTAMPADO PP;U;UNICA
M2401;24715;T-SHIRT BORDADA PINK P;U;UNICA
M240322839;22839;REGATA ALCA OFF WHITE PP;U;UNICA
M2404;23649;SAIA CAMADAS LASER PALHA M;U;UNICA
M2406;22856;BLUSA BABADO VERMELHO P;U;UNICA
M2406;23143;BLUSA BABADO PINK P;U;UNICA
M2406;23139;BLUSA BABADO VERDE PP;U;UNICA
M2407;24099;BODY RENDA DECOTE BEGE G;U;UNICA
M241222879;22879;VEST  RENDA AZUL RO - PP;U;UNICA
M241223891;23891;VESTIDO RENDA VERMELHO G;U;UNICA
M241223890;23890;VESTIDO RENDA PINK G;U;UNICA
M2412;23888;VESTIDO RENDA PINK M;U;UNICA
M2412;23884;VESTIDO RENDA PINK PP;U;UNICA
M2414;22898;BLUSA CAVADA ESTAMPADO G;U;UNICA
M2415;22906;REGATA PREGA ESTAMPADA ESTAMPADO G;U;UNICA
M2416;22982;BLUSA MANGA BORDADA PRETO G;U;UNICA
M2416;22981;BLUSA MANGA BORDADA PRETO M;U;UNICA
M2425;23953;BLUSA COSTAS LASER AMARELO G;U;UNICA
M2431;23133;SHORT SAIA ESTAMP ESTAMPADO M;U;UNICA
M2431;23132;SHORT SAIA ESTAMP ESTAMPADO P;U;UNICA
M2441;23159;BLUSA TIRAS COSTAS BORBOLETAS ESTAMP PP;U;UNICA
M2455;23229;REGATA PREGAS ALCA ESTAMPADO PP;U;UNICA
M2457;23326;COLETE PELO PRETO PP;U;UNICA
M2457;23328;COLETE PELO PRETO P;U;UNICA
M2465;23612;BODY VERDE M;U;UNICA
M2481;23451;BODY RENDA VAZADA PRETO M;U;UNICA
M2484;23463;BODY TIRAS COSTAS VERMELHO M;U;UNICA
M2487;23486;BODY RENDA ML OFF WHITE P;U;UNICA
M2489;23738;SHORT SAIA LIMA M;U;UNICA
M2489;23734;SHORT SAIA LIMA P;U;UNICA
M2491;23588;BODY MANGA LONGA VERMELHO G;U;UNICA
M2491;23587;BODY MANGA LONGA VERMELHO M;U;UNICA
M2494;23602;BLUSA ALCA ESTAMPADA ESTAMPADO P;U;UNICA
M2495;23632;BLUSA ALCINHA ESTAMPADO G;U;UNICA
M2497;23653;SAIA NERVURA ESTAMPADA ESTAMPADO PP;U;UNICA
M2506;23703;SHORT ESTAMPADO ESTAMPADO P;U;UNICA
M2520;23782;BODY CORPO RENDA OFF WHITE M;U;UNICA
M2520;23783;BODY CORPO RENDA OFF WHITE G;U;UNICA
M2530;23827;BODY BABADO PRETO G;U;UNICA
M253723862;23862;SAIA ESTAMPADA ESTAMPADO M;U;UNICA
M2541;24262;SHORT CINTURA ALTA AZUL MARINHO M;U;UNICA
M2563;24077;BLUSA RENDA BARRA ESTAMPADO P;U;UNICA
M2566;24394;SAIA RETA NERVURAPRETO P;U;UNICA
M2566;24397;SAIA RETA NERVURA OFF WHITE G;U;UNICA
M2566;24396;SAIA RETA NERVURA PRETO M;U;UNICA
M1940;19389;VESTIDO ESTAMPADO ESTAMPADO M;U;UNICA
M1944;19785;BODY MANGA LONGA PRETO G;U;UNICA
M1944;19787;BODY MANGA LONGA CARAMELO PP;U;UNICA
M1944;19782;BODY MANGA LONGA VINHO P;U;UNICA
M1948;18784;BLUSA M/L AVIAM ESTAMPADO P;U;UNICA
M1950;19990;T-SHIRT SILK OFF WHITE P;U;UNICA
M1956;20235;SAIA COURO BORDADO PRETO P;U;UNICA
M196220061;20061;SAIA BORDADO PRETO PP;U;UNICA
M1976;19908;BLUSA M/L LASER BORDADO NUDE PP;U;UNICA
M1988;19500;CALCA FLARE PRETO P;U;UNICA
M1991;19637;CALCA RECORTE PRETO PP;U;UNICA
M1991;19651;CALCA RECORTE AZUL ROYAL P;U;UNICA
M1994;19962;CALCA JEANS JEANS P;U;UNICA
M2002;19740;BLUSA M/L AVIAM ESTAMPADO P;U;UNICA
M2007;20103;BLAZER PRETO P;U;UNICA
M2008;20809;SHORT COURO MARROM P;U;UNICA
M2016;19977;BODY CAVADO PRETO PP;U;UNICA
M2017;19946;BLUSA CAVADA EST ESTAMPADO P;U;UNICA
M2020;19626;BLUSA DET.AVIAM BEGE P;U;UNICA
M2030;19863;SHORT LISTRADO LISTRADO M;U;UNICA
M2044;19982;BLUSA M/L AVIAM OFF WHITE P;U;UNICA
M2062;19955;SAIA COURO PRETO M;U;UNICA
M2064;22623;VESTIDO M.L. LASER CARAMELO PP;U;UNICA
M207620645;20645;BLUSA M/L C/AVIAM ESTAMPADO P;U;UNICA
M2079;21547;BLUSA ML LASER PEROLA PRETO PP;U;UNICA
M2081;20026;BLUSA M/C BORDADA PRETO M;U;UNICA
M2092;24612;BLUSA M/L PRETO P;U;UNICA
M209420498;20498;BLUSA M/L LASER PRETO M;U;UNICA
M2102;22123;BLUSA GOLA PEROLAS PRETO G;U;UNICA
M2108;20214;CALCA PRETO P;U;UNICA
M2109;20334;CALCA PRETO P;U;UNICA
M2118;20410;BLUSA M/L LASER C/BORDADO NUDE M;U;UNICA
M211820812;20812;BLUSA M/L C/BOR PRETO PP;U;UNICA
M2127;20965;T-SHIRT BORDADO C/AVIAM CINZA G;U;UNICA
M2140;22462;BLUSA M/L RENDA OFF WHITE G;U;UNICA
M2140;21355;BLUSA M/L RENDA TELHA P;U;UNICA
M2154;20295;BLUSA ALCA C/AVIAM ESTAMPADO G;U;UNICA
M2157;20754;BODY C/APLIC PRETO P;U;UNICA
M2157;20756;BODY C/APLIC PRETO G;U;UNICA
M2164;20526;SHORT OFF WHITE M;U;UNICA
M2170;20642;BLUSA LISTRADA LISTRADO M;U;UNICA
M2171;20784;BLUSA DET.CORRENTE PRETO G;U;UNICA
M2183;21923;SAIA COURO KAKI P;U;UNICA
M2185;22418;SHORT BOTOES CARAMELO G;U;UNICA
M2200;21116;T-SHIRT LARANJA G;U;UNICA
M2200;21113;T-SHIRT LARANJA M;U;UNICA
M2211;21320;VESTIDO RENDA LONGO M.L PRETO M;U;UNICA
M2214;21763;CAMISA ESTAMPADA COM VELUDO ESTAMPADO P;U;UNICA
M2225;21166;SAIA NERVURA BABADO VINHO M;U;UNICA
M2226;21532;SAIA NERVURA OFF WHITE M;U;UNICA
M2226;21524;SAIA NERVURA OFF WHITE PP;U;UNICA
M2226;21527;SAIA NERVURA VINHO P;U;UNICA
M2236;21460;CALCA SKINNY NERVURAS PRETO G;U;UNICA
M2236;21458;CALCA SKINNY NERVURAS PRETO P;U;UNICA
M2244;22376;SHORT SAIA PRETO M;U;UNICA
M2244;21474;SHORT SAIA MOSTARDA PP;U;UNICA
M2245;22507;SAIA CINTURA ALTA LARANJA PP;U;UNICA
M2245;22506;SAIA CINTURA ALTA AZUL ROYAL G;U;UNICA
M2247;22394;SHORT BOTOES TERRA P;U;UNICA
M2266;21665;BLUSA LASER PRETO M;U;UNICA
M2266;21666;BLUSA LASER PRETO G;U;UNICA
M2266;22948;BLUSA LASER NUDE PP;U;UNICA
970711467;867;CROPPED COURO LASER AZUL MARINHO P;U;UNICA
M2540;890;SAIA;PP;PRETO
M2372;918;SAIA PREGAS BORDADA;PP;LARANJA
G1716001;1061;MACACAO BARRA AMPLA;M;PRETO
M1714011;1070;BODY DECOTE BORDADO;G;OFF WHITE
M1714008;1089;BODY FRENTE BORDADO;G;OFF WHITE
M1714008;1093;BODY FRENTE BORDADO;G;BEGE
M2439;1014;SAIA BARRA LASER ONDA BORDADA;PP;OFF WHITE
M2605;1021;BLUSA RENDA LARGA;M;OFF WHITE
M2258;1111;VESTIDO ARABESCO;PP;PRETO
M1721019;1180;VESTIDO RENDA;M;VERMELHO
M1714017;1197;BODY RAIOS;PP;OFF WHITE
M1721015;842;VESTIDO RENDA;PP;VERMELHO
M1712004;854;CIGANINHA;G;NUDE
M1712004;857;CIGANINHA;M;VERMELHO
M1712002;1123;BLUSA RENDA;M;OFF WHITE
M2318;912;CROPPED C/ CORRENTE BORDADO;P;PRETO
M1718009;975;SAIA BORDADO LASER;P;OFF WHITE
M1718009;976;SAIA BORDADO LASER;M;OFF WHITE
M1724007;979;CROPPED BORDADO;PP;OFF WHITE
M1718019;1148;SAIA NERVURA;G;PRETO
M1718019;1153;SAIA NERVURA;PP;CARAMELO
M1718019;1154;SAIA NERVURA;P;CARAMELO
M1718019;1156;SAIA NERVURA;G;CARAMELO
9041061270;1005;SAIA RENDA MARGOT PRETO M;U;UNICA
M1711013;1210;REGATA LUREX ELIS;P;NUDE
M1720006;832;SHORT SAIA;PP;VERMELHO
M1720006;833;SHORT SAIA;P;VERMELHO
M1720006;835;SHORT SAIA;G;VERMELHO
M2483;889;T-SHIRT GREECE;GG;OFF WHITE
M137415268;1037;CIGANINHA AZUL P;U;UNICA
M1714014;1056;BODY BABADO OMBRO;M;VERMELHO
M1718013;1163;SAIA LONGA FENDA LATERAL;M;PRETO
M1714015;1079;BODY CORPO RENDA;PP;PRETO
M1715001;1083;CALCA FENDA FRENTE;P;PRETO
M1715004;1217;CALCA FLARE;PP;PRETO
M1715004;1221;CALCA FLARE;G;PRETO
M1718014;1230;SAIA PAETE;G;BEGE
M24272430;1232;BODY CORPO RENDA OFF WHITE G;U;UNICA
M24272439;1233;BODY CORPO RENDA OFF WHITE M;U;UNICA
M242724368;1234;BODY CORPO RENDA OFF WHITE P;U;UNICA
M1724008;1238;CROPPED RENDA;M;VERMELHO
UNIF.MASC;1248;UNIFORME POLO MASC;GG;CINZA
M2236D;821;CALCA SKYNI NERVURA;M;PRETO
M1721014;824;VESTIDO ALCA BORDADO;PP;PRETO
M2593;952;SHORT ILHOS FRENTE;P;OFF WHITE
M2593;953;SHORT ILHOS FRENTE;M;OFF WHITE
M1719004;991;SHORT NERVURA;PP;OFF WHITE
M2438;1038;BLUSA LASER BORDADO;PP;PRETO
M2438;1040;BLUSA LASER BORDADO;M;PRETO
M2438;1041;BLUSA LASER BORDADO;G;PRETO
M1721008;1382;VESTIDO CURTO LASER COSTAS;P;PRETO
PM1864;1585;VESTIDO;M;PRETO
PM1864;1586;VESTIDO;G;PRETO
PM1942;1715;VESTIDO LONGO;PP;NUDE
PM1942;1717;VESTIDO LONGO;M;NUDE
PM19421;1720;VESTIDO LONGO;P;NUDE
PM2831;1729;VESTIDO BOLINHA;M;PRETO
M1874;1747;BLUSA LISTRADA;PP;LISTRADO
P9226;1760;BLUSA ALCA;P;PRETO
PM1721;1763;BLUSA BORDADA;PP;PRETO
M209421441;1784;BLUSA M/L LASER BEGE P;U;UNICA
M226821942;1791;BLUSA ML TRICO TELHA P;U;UNICA
M210920332;1801;CALCA PRETO PP;U;UNICA
976911485;1802;SAIA COURO LASER AZUL MARINHO G;U;UNICA
G026819309;1804;CALCA LISTRADA LISTRADO M;U;UNICA
M2659;1290;VESTIDO;PP;UNICA
M1724009;1323;CROPPED CIGANINHA;G;AMARELO
130113837;1368;BLUSA BORDADA PEDRAS NUDE G;U;UNICA
M1721034;1378;VESTIDO RENDA;P;OFF WHITE
M1713001;1407;BLUSA M/L BABADO MULLET;P;PRETO
PM1521;1610;VESTIDO;G;PRETO
M187717515;1626;SAIA LONGA PRETO PP;U;UNICA
120213324;1631;JAQUETA COURO BEGE P;U;UNICA
M1718011;1834;SAIA LONGA RENDA;M;OFF WHITE
M2594;1250;T-SHIRT CORACAO RENDA;PP;OFF WHITE
M1724006;1326;CROPPED PAETE;M;PRETO
M1724006;1328;CROPPED PAETE;PP;OFF WHITE
M1724006;1330;CROPPED PAETE;M;OFF WHITE
M1724006;1331;CROPPED PAETE;G;OFF WHITE
M1714002;1570;BODY BABADO TRANSPASSE;M;PRETO
9196;1575;VESTIDO;M;PRETO
9196;1576;VESTIDO;G;PRETO
M2389;1638;CROPPED CORRENTE BARRA;PP;PRETO
M2389;1640;CROPPED CORRENTE BARRA;M;PRETO
M2389;1645;CROPPED CORRENTE BARRA;G;OFF WHITE
PM1432;1650;VESTIDO;PP;PRETO
PM1804;1662;VESTIDO;PP;BEGE
PM1804;1663;VESTIDO;P;BEGE
PM1804;1664;VESTIDO;M;BEGE
M1718014D;1690;SAIA PAETE;PP;BEGE
M1718014D;1691;SAIA PAETE;P;BEGE
PM1860;1675;VESTIDO;P;VERMELHO
G022517496;1768;VESTIDO RENDA DET.AVIAM PRETO P;U;UNICA
M209421437;1777;BLUSA M/L LASER TELHA PP;U;UNICA
M216522947;1781;JAQUETA JEANS JEANS  GG;U;UNICA
P9802;1825;BLUSA;P;PRETO
M1724010;1850;CIGANA BABADO;P;BEGE
M1721022;1263;VESTIDO CURTO TULE BORDADO;PP;ROSE
M1722008;1295;VESTIDO LONGO PAETE;PP;BEGE
PM2502;1410;BODY DETALHE DECOTE;PP;OFF WHITE
PM2502;1417;BODY DETALHE DECOTE;G;NUDE
M1714007;1468;BODY CORRENTE;G;BEGE
M1714007;1471;BODY CORRENTE;M;OFF WHITE
PM2601;1493;CALCA JEANS SKINNY;P;JEANS
PM2601;1494;CALCA JEANS SKINNY;M;JEANS
PM2634;1499;BODY;M;BEGE
PM2477;1501;BLUSA;PP;PRETO
PM1712007;1520;BLUSA;GG;OFF WHITE
PM1712001;1532;BLUSA;P;PRETO
PM1497;1548;BLUSA;P;BEGE
PG0057;1732;VESTIDO BOLINHA;P;PRETO
M1724012;1616;BLUSA BABADO DIAGONAL;P;PRETO
M1724012;1617;BLUSA BABADO DIAGONAL;M;PRETO
P9136;1743;VESTIDO PAETE;PP;PRETO
P9136;1744;VESTIDO PAETE;P;PRETO
M1710001;1841;BLUSA ALCA PREGAS;PP;OFF WHITE
M1710001;1842;BLUSA ALCA PREGAS;P;OFF WHITE
M1710001;1847;BLUSA ALCA PREGAS;M;NUDE
M1718012;1864;SAIA PLISSADA;P;BEGE
M197619909;1867;BLUSA M/L LASER BORDADO NUDE P;U;UNICA
M1724015;1357;CROPPED RENDA BARRA;PP;OFF WHITE
M1721032;1362;VESTIDO TULE BORDADO;P;PRETO
M1719002;1395;SHORT PAETE;M;BEGE
PM2622;1424;CALCA;P;VERMELHO
PM2622;1426;CALCA;G;VERMELHO
PM1718001;1432;SAIA PAETE /RENDA;PP;PRETO
M1721007D;1438;VESTIDO ESTAMPADO RENDA;PP;ESTAMPADO
M1714014D;1444;BODY BABADO OMBRO;M;PRETO
M1723002D;1456;T-SHIRT BORDADA;M;OFF WHITE
PM1571;1478;VESTIDO;P;OFF WHITE
PM2397;1485;CROPPEDE RENDA;G;OFF WHITE
G1716002;1624;MACACAO MANGA BABADO;G;PRETO
PM1886;1634;VESTIDO;PP;PINK
M1722009;1689;VEST.TULE CINTURA;G;PRETO
M1722004;2094;VESTIDO LONGO RENDADO;P;PRETO
M1719004D;2502;SHORT NERVURA;M;PRETO
M1719004D;2506;SHORT NERVURA;M;OFF WHITE
M1721023D;2513;VESTIDO RENDA;P;OFF WHITE
G1822001;2577;VESTIDO LONGO ESTAMPADO;PP;ESTAMPADO
M1715004D;1881;CALCA FENDA LATERAL;M;PRETO
M1715004D;1885;CALCA FENDA LATERAL;M;BEGE
 M1710010;1904;BL.STRASS CINTURA;P;PRETO
PM1825;1918;BLUSA FASHION;G;OFF WHITE
PG0224;1942;BLUSA;P;LARANJA
PG0224;1940;BLUSA;G;PRETO
M1710011;2011;BLUSA RENDA LATERAL;M;NUDE
PM1969;2036;SHORT LITRADO;P;LISTRADO
PM1971;2052;CAMISA ESTAMPADA;PP;ESTAMPADO
PM1971;2054;CAMISA ESTAMPADA;M;ESTAMPADO
G1912001;2589;BLUSA QUADRADA TRICO;PP;BEGE
M1718016;2595;SAIA LONGA RENDA PAETE;PP;PRETO
M1718016;2596;SAIA LONGA RENDA PAETE;P;PRETO
M1724011;2602;CROPPED PAETE;G;PRETO
92148327;2616;SAIA CREPE C/AVIAM RENDA ROSE PP;U;UNICA
M136015087;2620;VESTIDO ESTAMPADO ESTAMPADO PP;U;UNICA
M1717005;2018;MACAQUINHO BRILHANTE;PP;PRETO
M1722015;2160;VESTIDO BORDADO CAMPESTRE;P;ESTAMPADO
M1724005D;2538;BLUSA M/L BABADO MULLET;G;PRETO
G032620951;2626;BLASER ONCA ESTAMPADO P;U;UNICA
M1724009D;2648;CROPPED CIGANINHA;P;AMARELO
M1722013D;2666;VEST.LONGO DECOTE DRAPEADO;G;AZUL ROYAL
M1722013D;2670;VEST.LONGO DECOTE DRAPEADO;G;VERDE
G1718002;2680;SAIA LONGA ESTAMPADA;PP;ESTAMPADO
PG0181;2693;BLUSA LACO;G;BEGE
P94611;2695;VESTIDO;P;PRETO
M1718012;1953;SAIA PLISSADA;P;OFF WHITE
P9580;1957;MACAQUINHO;PP;PRETO
P9580;1959;MACAQUINHO;M;PRETO
P9709;1962;MACAQUINHO;P;PRETO
P9709;1963;MACAQUINHO;M;PRETO
P9974;1975;MACAQUINHO;M;PRETO
PM1835;1980;SHORT BOTOES;G;OFF WHITE
M1715003;1985;CALCA FLARE PLISSADO;M;OFF WHITE
M1722013;2001;VEST.LONGO DECOTE DRAPEADO;P;NUDE
M1722013;2002;VEST.LONGO DECOTE DRAPEADO;M;NUDE
G1715002;2086;CALCA FLARE AMPLA;G;PRETO
M1718035;2185;SAIA PAETE E FENDA;G;PRETO
G1812001;2517;CROPPED NO METALICO;PP;PRETO
M2451;2575;VESTIDO FENDA;G;OFF WHITE
PG0101;2718;BLUSA ESTAMPADA C/L;PP;ESTAMPADO